adk.d6_DEP_NODE_40,WV27FZ1C01R
adk.d6_DEP_NODE_41,WV27K6ZS014
adk.d6_DEP_NODE_45,WV27PBMC014
adk.d6_DEP_NODE_46,WV27TRT7014
tyrS.d8_Esc3_NODE_11,WV21KKK101R
tyrS.d8_Esc3_NODE_19,WV21P7BB01R
adk.d6_DEP_NODE_119,WV28V6KY01R
adk.d6_DEP_NODE_118,WV28RUA8015
tyrS.d8_Esc2_NODE_17,WV2SVJ3Z014
tyrS.d8_Esc1_NODE_49,WV1WBY2F015
adk.d6_Esc1_NODE_29,WV205ZVM014
tyrS.d8_Esc2_NODE_13,WV2SSJ1M014
tyrS.d8_Esc2_NODE_12,WV2SN7J3014
tyrS.d8_Esc2_NODE_11,WV2SHJ3J014
tyrS.d8_Esc2_NODE_10,WV2SENS101R
adk.d6_DEP_NODE_47,WV27WD27014
adk.d6_Esc1_NODE_20,WV1ZNY5T015
adk.d6_Esc1_NODE_21,WV1ZSSVU015
adk.d6_Esc1_NODE_26,WV1ZV0F2015
adk.d6_Esc1_NODE_27,WV1ZZ87V015
adk.d6_DEP_NODE_160,WV2CSR7N01R
adk.d6_DEP_NODE_161,WV2S4N7J015
adk.d6_Esc2_NODE_70,WV26MM8M01R
adk.d6_Esc3_NODE_34,WV73N2XU015
adk.d6_Esc3_NODE_31,WV73GJTM01R
adk.d6_Esc3_NODE_30,WV735T7K01R
adk.d6_DEP_NODE_56,WV283J12014
adk.d6_DEP_NODE_71,WV2866NH014
adk.d6_DEP_NODE_51,WV280TWU014
adk.d6_DEP_NODE_155,WV2CEP4R015
tyrS.d8_Esc1_NODE_6,WV1UPC9A01R
adk.d6_DEP_NODE_153,WV2CADHS01R
adk.d6_DEP_NODE_152,WV2C7JCG01R
tyrS.d8_Esc2_NODE_20,WV2T6UJB01R
tyrS.d8_Esc2_NODE_21,WV2T98DK015
tyrS.d8_Esc2_NODE_26,WV3024DG015
tyrS.d8_Esc2_NODE_27,WV304KX3015
adk.d6_Esc1_NODE_55,WV21FF2A01R
adk.d6_Esc1_NODE_53,WV21C9JJ01R
adk.d6_Esc1_NODE_52,WV218J8H01R
adk.d6_Esc3_NODE_42,WV9DJHA501R
adk.d6_Esc1_NODE_50,WV215SFR01R
adk.d6_Esc3_NODE_29,WV731H3H01R
adk.d6_Esc3_NODE_24,WV333FF9014
adk.d6_Esc3_NODE_25,WV33D62801R
adk.d6_Esc3_NODE_26,WV72XFUB015
adk.d6_Esc3_NODE_20,WV32EN2W015
adk.d6_Esc3_NODE_21,WV32TFXW015
adk.d6_Esc3_NODE_10,WV30YNVD01R
adk.d6_Esc3_NODE_13,WV31U04X014
adk.d6_Esc2_NODE_44,WV25E19J01R
tyrS.d8_DEP_NODE_45,WV1YCZDJ01R
adk.d6_Esc3_NODE_14,WV324SY2015
adk.d6_DEP_NODE_139,WV2AWD2V015
adk.d6_DEP_NODE_138,WV2ASF22015
adk.d6_DEP_NODE_135,WV2AEPKD01R
adk.d6_DEP_NODE_134,WV2ABNGM01R
adk.d6_DEP_NODE_137,WV2ANPZZ015
adk.d6_DEP_NODE_136,WV2AHVWP015
adk.d6_DEP_NODE_131,WV2A0B9201R
adk.d6_DEP_NODE_130,WV29X55U01R
adk.d6_DEP_NODE_133,WV2A7CSJ014
adk.d6_DEP_NODE_132,WV2A4C3P01R
adk.d6_Esc1_NODE_48,WV20Y4UW014
adk.d6_Esc1_NODE_49,WV212T2N015
adk.d6_Esc1_NODE_44,WV20V2ZA01R
adk.d6_DEP_NODE_23,WV26RVPJ01R
adk.d6_DEP_NODE_29,WV26U4WN01R
tyrS.d8_DEP_NODE_56,WV1Z1GRF014
tyrS.d8_DEP_NODE_57,WV1Z4YSH01R
tyrS.d8_DEP_NODE_54,WV1YUZ3Y015
tyrS.d8_DEP_NODE_55,WV1YX9K901R
tyrS.d8_DEP_NODE_52,WV1YKK1C01R
tyrS.d8_DEP_NODE_53,WV1YRBXG015
tyrS.d8_DEP_NODE_51,WV1YGTHW01R
adk.d6_Esc1_NODE_28,WV202R1Y014
tyrS.d8_DEP_NODE_58,WV1Z7E0P01R
tyrS.d8_DEP_NODE_59,WV1ZBHSV014
tyrS.d8_Esc1_NODE_48,WV1W8TVR015
adk.d6_DEP_NODE_120,WV28YJF601R
tyrS.d8_Esc1_NODE_14,WV1V00DR01R
tyrS.d8_Esc1_NODE_15,WV1V3SYB015
tyrS.d8_Esc1_NODE_16,WV1V7CR6015
tyrS.d8_Esc1_NODE_17,WV1VAZ16015
adk.d6_Esc2_NODE_20,WV241J99014
tyrS.d8_Esc1_NODE_12,WV1UT2KG01R
tyrS.d8_Esc1_NODE_13,WV1UXSNY014
adk.d6_Esc2_NODE_29,WV24C0DB01R
tyrS.d8_Esc2_NODE_45,WV2YP957014
tyrS.d8_Esc2_NODE_46,WV2Z0EHN01R
tyrS.d8_Esc2_NODE_47,WV2ZB2YD014
adk.d6_DEP_NODE_31,WV271CB901R
adk.d6_DEP_NODE_30,WV26YGVR01R
adk.d6_DEP_NODE_33,WV27886501R
adk.d6_DEP_NODE_32,WV275U2901R
tyrS.d8_Esc2_NODE_52,WV30M1KV01R
adk.d6_DEP_NODE_39,WV27CNXW01R
adk.d6_DEP_NODE_121,WV2916EJ01R
adk.d6_DEP_NODE_128,WV29P8HB01R
tyrS.d8_Esc3_NODE_69,WV23612Y015
tyrS.d8_Esc3_NODE_68,WV233ZX101R
tyrS.d8_Esc2_NODE_50,WV72SVN9015
adk.d6_DEP_NODE_89,WV28M6ZT015
adk.d6_Esc3_NODE_46,WV9EVATN01R
adk.d6_DEP_NODE_82,WV28DBJ5015
adk.d6_DEP_NODE_83,WV28HW22015
tyrS.d8_Esc3_NODE_168,WV23MUHM01R
tyrS.d8_Esc2_NODE_19,WV2T2JT301R
tyrS.d8_Esc3_NODE_163,WV23A9CH014
tyrS.d8_Esc2_NODE_18,WV2SZMRU01R
tyrS.d8_Esc3_NODE_164,WV23DD7Z01R
tyrS.d8_Esc3_NODE_167,WV23G40T01R
adk.d6_DEP_NODE_122,WV29585501R
adk.d6_DEP_NODE_123,WV298ERD01R
adk.d6_Esc2_NODE_38,WV24WSGJ01R
adk.d6_Esc2_NODE_39,WV250VHZ01R
adk.d6_DEP_NODE_126,WV29FA8601R
adk.d6_DEP_NODE_127,WV29KP5U01R
adk.d6_DEP_NODE_124,WV29CNBP01R
adk.d6_Esc2_NODE_32,WV24J8P2015
adk.d6_Esc2_NODE_33,WV24PPBU014
adk.d6_Esc2_NODE_30,WV24F5BW01R
adk.d6_DEP_NODE_129,WV29U30T01R
adk.d6_Esc2_NODE_35,WV24TFFE014
tyrS.d8_DEP_NODE_22,WV1XDVGB01R
tyrS.d8_DEP_NODE_20,WV1XAVHR01R
tyrS.d8_Esc3_NODE_56,WV22WBF701R
tyrS.d8_Esc3_NODE_57,WV230AXW01R
tyrS.d8_DEP_NODE_28,WV1XHM6001R
tyrS.d8_Esc2_NODE_48,WV2ZNSBJ01R
adk.d6_Esc2_NODE_25,WV248M6G01R
tyrS.d8_Esc2_NODE_49,WV72MRRK01R
adk.d6_Esc3_NODE_44,WV9EGDVT01R
tyrS.d8_Esc2_NODE_3,WV2S74JS015
tyrS.d8_Esc2_NODE_7,WV2SBE8W01R
tyrS.d8_Esc3_NODE_172,WV23R5S3014
tyrS.d8_Esc3_NODE_173,WV23VWAB014
tyrS.d8_Esc3_NODE_174,WV23YSS2014
tyrS.d8_Esc1_NODE_32,WV1VYSS6015
tyrS.d8_Esc1_NODE_33,WV1W1GR0015
tyrS.d8_Esc1_NODE_30,WV1VUY7G01R
tyrS.d8_Esc1_NODE_36,WV1W4ET501R
adk.d6_Esc1_NODE_16,WV1ZHMZ1015
adk.d6_DEP_NODE_151,WV2C4UZV01R
adk.d6_DEP_NODE_150,WV2C0MNH01R
adk.d6_Esc2_NODE_47,WV25HXPD01R
adk.d6_Esc2_NODE_22,WV245E1R01R
adk.d6_Esc2_NODE_43,WV25AZYM01R
adk.d6_Esc2_NODE_42,WV25755R01R
adk.d6_DEP_NODE_159,WV2CNJXE014
adk.d6_Esc2_NODE_40,WV253DDX01R
tyrS.d8_DEP_NODE_31,WV1XM9U901R
tyrS.d8_DEP_NODE_32,WV1XSVMS01R
tyrS.d8_DEP_NODE_33,WV1XVGAR01R
tyrS.d8_DEP_NODE_34,WV1XZP5W01R
tyrS.d8_DEP_NODE_35,WV1Y2VN801R
tyrS.d8_DEP_NODE_37,WV1Y5B3001R
tyrS.d8_DEP_NODE_38,WV1Y9P8R01R
tyrS.d8_Esc3_NODE_41,WV22NWSN01R
tyrS.d8_Esc3_NODE_43,WV22TVEU01R
adk.d6_Esc3_NODE_49,WVCYT0PW014
adk.d6_DEP_NODE_158,WV2CH05G01R
tyrS.d8_Esc2_NODE_44,WV308ER4014
adk.d6_Esc3_NODE_48,WVCYJY3F014
adk.d6_DEP_NODE_144,WV2BCW4J015
adk.d6_DEP_NODE_145,WV2BG1YT015
adk.d6_DEP_NODE_146,WV2BK3CJ015
tyrS.d8_DEP_NODE_3,WV1WWA8401R
adk.d6_DEP_NODE_140,WV2AZZA6014
adk.d6_Esc2_NODE_59,WV25S5HP01R
adk.d6_DEP_NODE_142,WV2B61EK014
adk.d6_DEP_NODE_143,WV2B9ZK8014
tyrS.d8_Esc1_NODE_25,WV1VHARV01R
tyrS.d8_Esc1_NODE_27,WV1VRH54014
tyrS.d8_Esc1_NODE_26,WV1VMF21014
adk.d6_DEP_NODE_148,WV2BTWSW015
adk.d6_DEP_NODE_149,WV2BXUHR01R
tyrS.d8_Esc1_NODE_22,WV1VDKB101R
tyrS.d8_Esc3_NODE_38,WV22JN7T01R
adk.d6_Esc3_NODE_54,WVCZMRE6014
adk.d6_Esc2_NODE_62,WV25ZPD501R
adk.d6_Esc3_NODE_51,WVCZ3DZV014
adk.d6_Esc3_NODE_50,WVCYW9TE014
adk.d6_Esc3_NODE_53,WVCZA752014
tyrS.d8_Esc3_NODE_31,WV221GA801R
tyrS.d8_Esc3_NODE_32,WV2247PM01R
tyrS.d8_Esc3_NODE_34,WV227NP301R
tyrS.d8_Esc3_NODE_35,WV22BGEZ01R
tyrS.d8_Esc3_NODE_36,WV22EYS801R
adk.d6_DEP_NODE_78,WV28ANPJ014
adk.d6_Esc3_NODE_7,WV30TTBB01R
adk.d6_Esc2_NODE_69,WV26GGEJ01R
adk.d6_DEP_NODE_147,WV2BPRU3015
adk.d6_Esc1_NODE_6,WV1ZEVSN014
adk.d6_DEP_NODE_141,WV2B2UFH014
adk.d6_Esc1_NODE_34,WV20DWM0014
adk.d6_Esc1_NODE_36,WV20GDPD01R
adk.d6_Esc1_NODE_33,WV209EX7014
tyrS.d8_Esc1_NODE_50,WV1WF1M2015
tyrS.d8_Esc1_NODE_51,WV1WJT5S014
tyrS.d8_Esc1_NODE_52,WV1WNBKD01R
adk.d6_Esc1_NODE_39,WV20RSGH014
adk.d6_Esc1_NODE_38,WV20M81J01R
tyrS.d8_Esc1_NODE_56,WV1WTP1M01R
adk.d6_Esc3_NODE_47,WV9F0BPK01R
adk.d6_Esc2_NODE_61,WV25VH4P01R
tyrS.d8_DEP_NODE_8,WV1WZ71K01R
adk.d6_Esc2_NODE_63,WV262HRG01R
tyrS.d8_DEP_NODE_19,WV1X6SWH01R
adk.d6_Esc2_NODE_64,WV266S4C01R
adk.d6_Esc2_NODE_66,WV26987D01R
tyrS.d8_Esc3_NODE_23,WV21UACH01R
adk.d6_Esc2_NODE_68,WV26DM5601R
adk.d6_Esc3_NODE_40,WV9CMFH401R
tyrS.d8_Esc2_NODE_51,WV30H449014
tyrS.d8_Esc3_NODE_27,WV21X80401R
adk.d6_Esc2_NODE_56,WV25NAHC01R
tyrS.d8_DEP_NODE_14,WV1X3F7A01R
adk.d6_Esc3_NODE_45,WV9ERAA901R
